ID,Predicted Target Pressure (bar)
0,0.217739119
1,0.223754994
2,0.315672885
3,0.322724771
4,0.271779071
5,0.221130606
6,0.131276563
7,0.130724851
8,0.239173988
9,2.304803580
10,2.093811773
11,1.729317774
12,2.622946736
13,2.427745048
14,1.803592857
15,1.611309746
16,1.129035410
17,1.022556035
18,0.671095521
19,0.694763573
20,0.574150627
21,0.505156300
22,0.575080397
23,0.426294969
24,0.368571648
25,0.389842198
26,0.406010636
27,0.087888798
28,0.086055724
29,0.078289127
30,0.064070594
31,0.040333326
32,0.034160344
33,0.048637077
34,0.037557213
35,0.038331291
36,0.420867730
37,0.214714635
38,0.173606677
39,0.537213394
40,0.286989265
41,0.167493416
42,0.339697262
43,0.189436290
44,0.121606481
45,0.196546785
46,0.148088932
47,0.119144605
48,0.080685312
49,0.070490700
50,0.073526278
51,0.124812023
52,0.083249367
53,0.074241583
54,0.133577426
55,0.147221953
56,0.161455823
57,0.118131813
58,0.132137320
59,0.130283666
60,0.093776728
61,0.110070001
62,0.132591410
63,0.824231431
64,0.877017677
65,0.706149192
66,0.787393208
67,0.876011740
68,0.713061405
69,0.617199458
70,0.657439260
71,0.559928149
72,0.558502031
73,0.549315995
74,0.430037995
75,0.286416546
76,0.247545101
77,0.249083950
78,0.248980999
79,0.275611377
80,0.253983872
81,0.093979597
82,0.099962898
83,0.108160088
84,0.053417443
85,0.048032228
86,0.047849962
87,0.038156919
88,0.037882150
89,0.050115782
90,0.521310837
91,0.472064132
92,0.358285665
93,0.393845873
94,0.369390585
95,0.293798820
96,0.256877082
97,0.223130574
98,0.172896931
99,0.278800857
100,0.256127745
101,0.217815207
102,0.191755481
103,0.141247522
104,0.083192562
105,0.091156635
106,0.082855831
107,0.080931039
108,0.157605783
109,0.150439714
110,0.188770852
111,0.103715480
112,0.091735256
113,0.083648407
114,0.064356914
115,0.069738668
116,0.100816262
117,0.973882691
118,0.816728209
119,0.590835646
120,0.900433753
121,0.717192174
122,0.576104709
123,0.438792116
124,0.381178226
125,0.338835889
126,0.425075591
127,0.367846173
128,0.351158995
129,0.339195780
130,0.231741708
131,0.191622031
132,0.167287539
133,0.188500407
134,0.187974199
135,0.117666061
136,0.123449010
137,0.125315422
138,0.087436046
139,0.082132359
140,0.071347410
141,0.061309038
142,0.067664532
143,0.077744191
144,0.785476594
145,0.642007535
146,0.397009467
147,0.774072075
148,0.663419090
149,0.421102155
150,0.450750369
151,0.381045229
152,0.279083169
153,0.375281858
154,0.379799862
155,0.250715877
156,0.187752003
157,0.131365888
158,0.128585866
159,0.152206462
160,0.160533166
161,0.130365876
162,0.135006765
163,0.135981061
164,0.136619479
165,0.099513127
166,0.077786138
167,0.077417608
168,0.056233434
169,0.054582409
170,0.074279253
171,0.760007160
172,0.562029499
173,0.492651610
174,1.483701229
175,0.810202228
176,0.729194003
177,0.908521430
178,0.678582225
179,0.594941828
180,0.594435586
181,0.499996951
182,0.358498246
183,0.161310716
184,0.134022352
185,0.147901724
186,0.222648375
187,0.173652993
188,0.150042409
189,0.075225121
190,0.078215705
191,0.072556985
192,0.059769126
193,0.065748265
194,0.060741232
195,0.059395214
196,0.058863883
197,0.060316080
198,0.416298315
199,0.407357041
200,0.312656026
201,0.413278143
202,0.393437892
203,0.255190537
204,0.359651619
205,0.297479420
206,0.189724233
207,0.230606538
208,0.214721279
209,0.150498467
210,0.096281009
211,0.096736164
212,0.092631822
213,0.134959987
214,0.112720118
215,0.093212573
216,0.107633882
217,0.111583719
218,0.131569462
219,0.092014996
220,0.084735864
221,0.075848359
222,0.069906673
223,0.072971949
224,0.093975001
225,0.477713399
226,0.485565270
227,0.463179219
228,0.352754410
229,0.361853787
230,0.275745999
231,0.231419323
232,0.281704395
233,0.302383471
234,0.329728171
235,0.319230846
236,0.320163749
237,0.272313482
238,0.170776184
239,0.170121506
240,0.148409245
241,0.158827238
242,0.165917276
243,0.327628716
244,0.276743790
245,0.238636383
246,0.349416187
247,0.270878520
248,0.191696439
249,0.228071724
250,0.210696108
251,0.173001085
252,3.886484448
253,1.749177630
254,1.565550176
255,4.023192212
256,1.789132827
257,1.321709083
258,2.972024452
259,1.409630623
260,0.943682076
261,1.153821833
262,0.791159465
263,0.501736326
264,0.254309669
265,0.226618726
266,0.207166894
267,0.651328349
268,0.391790877
269,0.209351929
270,0.081845962
271,0.089401243
272,0.102535374
273,0.055327187
274,0.058141061
275,0.054035889
276,0.042231427
277,0.046723694
278,0.072093598
279,0.359878247
280,0.357325071
281,0.345711682
282,0.291929392
283,0.301966576
284,0.318083578
285,0.260850352
286,0.226890458
287,0.231853401
288,0.233116726
289,0.225908938
290,0.207012638
291,0.161878457
292,0.129450270
293,0.106272960
294,0.091855051
295,0.100807651
296,0.105730536
297,0.125966903
298,0.111817890
299,0.145663451
300,0.117324998
301,0.091613215
302,0.092683945
303,0.070009813
304,0.068075953
305,0.114859066
306,0.774247355
307,0.567965976
308,0.454167007
309,0.708816746
310,0.598829869
311,0.495226470
312,0.563925093
313,0.533457173
314,0.448390417
315,0.440555074
316,0.375615219
317,0.338437288
318,0.244800227
319,0.194253547
320,0.193457960
321,0.193371729
322,0.173103645
323,0.186837852
324,0.091172300
325,0.092485721
326,0.100329640
327,0.085056958
328,0.088813842
329,0.084523151
330,0.076460573
331,0.077049937
332,0.092676822
333,0.387531855
334,0.365223112
335,0.289617638
336,0.398940144
337,0.375999637
338,0.322464793
339,0.471428558
340,0.414287400
341,0.331258296
342,0.309957255
343,0.282368040
344,0.227396104
345,0.141391888
346,0.123922756
347,0.133746432
348,0.184225965
349,0.170158993
350,0.145760998
351,0.228521749
352,0.238864760
353,0.254287248
354,0.252673299
355,0.194326825
356,0.182167092
357,0.131876749
358,0.142063061
359,0.198304691
360,1.512267669
361,1.061742232
362,0.859755375
363,1.978815189
364,1.397879188
365,1.283028191
366,1.544687579
367,1.225986405
368,0.916054600
369,1.078313019
370,0.938746902
371,0.573921657
372,0.288637540
373,0.329930386
374,0.289357710
375,0.338654041
376,0.354146541
377,0.300271711
378,0.142889718
379,0.138400755
380,0.133395448
381,0.099230718
382,0.098769640
383,0.093156942
384,0.080753137
385,0.079137166
386,0.084950429
387,2.225721361
388,0.844226622
389,0.669481298
390,2.130325278
391,0.734819866
392,0.484677434
393,1.132009165
394,0.550248082
395,0.397817306
396,0.487466517
397,0.357221406
398,0.258353400
399,0.148372341
400,0.124908401
401,0.126197045
402,0.229724304
403,0.154454901
404,0.126484155
405,0.126170945
406,0.134654393
407,0.153023069
408,0.076752366
409,0.079377637
410,0.073319647
411,0.059099929
412,0.061087387
413,0.086002018
414,0.598066052
415,0.576287145
416,0.337687707
417,0.540166443
418,0.520617534
419,0.355871794
420,0.403508762
421,0.367516403
422,0.291879155
423,0.354706931
424,0.357268319
425,0.276726660
426,0.182852001
427,0.143134559
428,0.134398681
429,0.160088370
430,0.154174277
431,0.141403855
432,0.116329558
433,0.117742893
434,0.154915151
435,0.097423105
436,0.083800411
437,0.081546294
438,0.063077683
439,0.062694303
440,0.086963083
441,0.673008637
442,0.638564113
443,0.624908702
444,0.546860648
445,0.523186959
446,0.522371292
447,0.386231929
448,0.330944913
449,0.335230041
450,0.332203213
451,0.334205652
452,0.325961698
453,0.262095049
454,0.201660882
455,0.188649535
456,0.183664275
457,0.183746718
458,0.187016911
459,0.070133025
460,0.066995272
461,0.076233124
462,0.054169169
463,0.046757781
464,0.042721885
465,0.046430099
466,0.043242423
467,0.051971946
468,0.232380818
469,0.210191543
470,0.189993040
471,0.223630230
472,0.218310448
473,0.218500299
474,0.218929313
475,0.230261385
476,0.195775800
477,0.216717514
478,0.201548827
479,0.172753281
480,0.112682288
481,0.098330168
482,0.085616962
483,0.090176366
484,0.087742094
485,0.083320493
486,0.121798246
487,0.089146135
488,0.122569497
489,0.090710392
490,0.059291129
491,0.041474911
492,0.049559708
493,0.028731622
494,0.067768391
495,0.607733664
496,0.381783896
497,0.328671746
498,0.588868329
499,0.375362073
500,0.359052671
501,0.518312305
502,0.431993101
503,0.412242325
504,0.414187434
505,0.378709850
506,0.299121809
507,0.205495314
508,0.151022933
509,0.145302084
510,0.155260935
511,0.132824099
512,0.131374727
513,0.098876656
514,0.097699108
515,0.118256006
516,0.067515865
517,0.061610695
518,0.057086888
519,0.049006657
520,0.048219398
521,0.064671150
522,0.450794189
523,0.390524782
524,0.317402035
525,0.425336913
526,0.370993121
527,0.305594442
528,0.399133889
529,0.304151261
530,0.265756295
531,0.313434780
532,0.280262845
533,0.238392895
534,0.182120223
535,0.125874080
536,0.105520275
537,0.131365245
538,0.120942332
539,0.104894460
540,0.071693200
541,0.074639410
542,0.083023990
543,0.060736603
544,0.063894743
545,0.062481420
546,0.057505625
547,0.060429570
548,0.069153984
549,0.287712194
550,0.288324756
551,0.274357497
552,0.303513007
553,0.308327018
554,0.279525091
555,0.279570809
556,0.285219206
557,0.253088946
558,0.216197518
559,0.212513018
560,0.184078361
561,0.149352528
562,0.127719721
563,0.120643471
564,0.114031257
565,0.117657162
566,0.119064507
567,0.069364068
568,0.067284316
569,0.065465305
570,0.051019273
571,0.046349128
572,0.045010549
573,0.035852641
574,0.035969804
575,0.032638829
576,0.391918860
577,0.279040610
578,0.211914436
579,0.341401219
580,0.269196910
581,0.201572623
582,0.262143340
583,0.180547203
584,0.112801978
585,0.231180854
586,0.162219289
587,0.109710254
588,0.085470784
589,0.071935541
590,0.070124986
591,0.140685027
592,0.099976173
593,0.070805448
594,0.122476933
595,0.126969061
596,0.159517594
597,0.098251701
598,0.080653378
599,0.069113659
600,0.053383501
601,0.057187128
602,0.090885634
603,0.903958821
604,0.769589431
605,0.747152330
606,0.834151721
607,0.728216706
608,0.632363975
609,0.330705381
610,0.365806979
611,0.362654709
612,0.465690917
613,0.455377574
614,0.371639442
615,0.299010718
616,0.224251649
617,0.137520450
618,0.125459552
619,0.131425901
620,0.137091290
621,0.177755960
622,0.201382724
623,0.208882321
624,0.166675912
625,0.166508654
626,0.134403374
627,0.057730199
628,0.083843793
629,0.087055337
630,2.641743772
631,1.442593058
632,1.227939142
633,3.060425902
634,1.809026232
635,1.026444598
636,1.520680040
637,0.816857442
638,0.568498570
639,0.780465037
640,0.723087656
641,0.527420524
642,0.317883311
643,0.313644735
644,0.169749861
645,0.270306283
646,0.237337449
647,0.176576519
648,0.092721572
649,0.104896552
650,0.099571708
651,0.085472135
652,0.092268313
653,0.085224560
654,0.061780032
655,0.070258214
656,0.068033419
657,0.593666090
658,0.499036504
659,0.259295578
660,0.667597898
661,0.555643008
662,0.348268277
663,0.540995167
664,0.402565817
665,0.274783662
666,0.319744293
667,0.293449312
668,0.230272686
669,0.140339834
670,0.123337203
671,0.099754847
672,0.183632268
673,0.148017500
674,0.100605523
675,0.292605269
676,0.237047187
677,0.293727234
678,0.351519680
679,0.276218811
680,0.222223607
681,0.134979130
682,0.134068274
683,0.215787169
684,2.214394746
685,1.632020479
686,1.265029746
687,2.362553628
688,1.798010810
689,1.409335814
690,1.633777806
691,1.044925422
692,0.943380601
693,0.825770851
694,0.728944975
695,0.582422902
696,0.505979875
697,0.516508715
698,0.403270830
699,0.408973679
700,0.402861329
701,0.401934362
702,0.091809485
703,0.098639214
704,0.097986715
705,0.049864386
706,0.039866331
707,0.035083053
708,0.039853219
709,0.031710940
710,0.039219626
711,0.362119313
712,0.354176828
713,0.303284631
714,0.317879730
715,0.258581205
716,0.206553620
717,0.293587436
718,0.224411724
719,0.195077647
720,0.268068763
721,0.254415063
722,0.209846179
723,0.148399236
724,0.086394383
725,0.079768410
726,0.125101539
727,0.091954210
728,0.080401435
729,0.132811470
730,0.133755765
731,0.142818138
732,0.048031786
733,0.050054223
734,0.053294231
735,0.033991681
736,0.045029710
737,0.062043024
738,0.679012253
739,0.710311439
740,0.511595803
741,0.431988466
742,0.509541589
743,0.364349471
744,0.255687508
745,0.278552985
746,0.273017068
747,0.399446389
748,0.399649545
749,0.297980327
750,0.218793574
751,0.124902312
752,0.101175118
753,0.080781929
754,0.097846927
755,0.101153175
756,0.123168755
757,0.119200774
758,0.146422074
759,0.106345510
760,0.083679449
761,0.077989980
762,0.053581132
763,0.063348835
764,0.091369289
765,0.670236949
766,0.613031823
767,0.499246552
768,1.339146570
769,1.043448874
770,0.812431905
771,0.624727624
772,0.477437588
773,0.358582737
774,0.242277192
775,0.219487703
776,0.245098188
777,0.231339912
778,0.274920385
779,0.157571699
780,0.139938656
781,0.155702583
782,0.164270824
783,0.086542605
784,0.097700815
785,0.091347242
786,0.049318395
787,0.052943479
788,0.039953133
789,0.026217061
790,0.037011506
791,0.035773157
792,0.526397628
793,0.331246405
794,0.233179666
795,0.957714600
796,0.494361884
797,0.303891148
798,0.418218222
799,0.227838637
800,0.178190218
801,0.219388399
802,0.214025141
803,0.173781825
804,0.102759266
805,0.092997915
806,0.068377538
807,0.076612143
808,0.088494370
809,0.069202076
810,0.103424313
811,0.099188955
812,0.114683116
813,0.091776386
814,0.078698435
815,0.074578184
816,0.051512377
817,0.044234646
818,0.061680835
819,0.404741746
820,0.392245663
821,0.319357305
822,0.356941214
823,0.321273107
824,0.267012047
825,0.357575297
826,0.285987665
827,0.252738677
828,0.266623329
829,0.250562457
830,0.241517489
831,0.167781215
832,0.117311176
833,0.104829578
834,0.157255719
835,0.124564391
836,0.110434375
837,0.531711409
838,0.140924018
839,0.188462413
840,0.658876616
841,0.311982178
842,0.242111738
843,0.421201006
844,0.158437923
845,0.196317467
846,4.095501742
847,2.913277971
848,1.760177301
849,4.706960884
850,3.732755931
851,2.125403266
852,2.920206829
853,1.483007780
854,1.147330794
855,1.321525477
856,0.835811931
857,0.591630096
858,0.460604713
859,0.667502049
860,0.534862616
861,0.790483262
862,0.481911921
863,0.476133205
864,0.080343939
865,0.083918083
866,0.119340341
867,0.049441718
868,0.041579726
869,0.040967056
870,0.036758916
871,0.036370123
872,0.053010677
873,0.415307707
874,0.422969047
875,0.393418066
876,0.312017654
877,0.335785110
878,0.296473138
879,0.195825828
880,0.200545643
881,0.180795294
882,0.216196230
883,0.219854619
884,0.224035949
885,0.214213825
886,0.136287251
887,0.085412997
888,0.080294325
889,0.080965224
890,0.083350887
891,0.170517989
892,0.163499416
893,0.158819901
894,0.182606327
895,0.169298194
896,0.159888512
897,0.147341235
898,0.135616994
899,0.147296175
900,1.269934986
901,0.600595500
902,0.446489455
903,1.390488102
904,0.714389404
905,0.494828429
906,0.868273197
907,0.491534423
908,0.396216600
909,0.410991748
910,0.386625923
911,0.312627986
912,0.208577112
913,0.197529100
914,0.187381079
915,0.276762636
916,0.228802785
917,0.187128180
918,0.108534163
919,0.113136250
920,0.163311086
921,0.106099136
922,0.093977412
923,0.075538002
924,0.059719977
925,0.061128920
926,0.099009477
927,0.850260931
928,0.760682695
929,0.750830422
930,0.854013439
931,0.781697725
932,0.719700779
933,0.407996944
934,0.426680490
935,0.403638306
936,0.465358391
937,0.448622451
938,0.385641313
939,0.294401111
940,0.243085645
941,0.161510824
942,0.134730493
943,0.146431195
944,0.153879689
945,0.042101048
946,0.069534094
947,0.076211547
948,0.022780550
949,0.033073699
950,0.029483522
951,0.011992919
952,0.029797584
953,0.032873049
954,0.391166159
955,0.307082356
956,0.223582233
957,0.336137195
958,0.303892927
959,0.201207227
960,0.258239692
961,0.223187985
962,0.140654395
963,0.231256334
964,0.218850821
965,0.150844106
966,0.102891730
967,0.082399972
968,0.058577206
969,0.067757404
970,0.070194341
971,0.057578141
972,0.149797999
973,0.161458438
974,0.220447738
975,0.139991081
976,0.139547352
977,0.143912520
978,0.074491697
979,0.079691282
980,0.153283445
981,1.031779525
982,0.999148317
983,0.904423438
984,1.481733467
985,1.425471909
986,1.287223373
987,0.828617774
988,0.763632354
989,0.633375453
990,0.544173953
991,0.526736825
992,0.504573198
993,0.353836587
994,0.382330225
995,0.234862173
996,0.210743905
997,0.235748605
998,0.226306161
999,0.095326268
1000,0.103326662
1001,0.107768519
1002,0.043358854
1003,0.045834385
1004,0.041396606
1005,0.039391928
1006,0.039191666
1007,0.048129686
1008,0.486667910
1009,0.452255975
1010,0.331938511
1011,0.408616380
1012,0.302151225
1013,0.218163942
1014,0.332401174
1015,0.245603859
1016,0.201047474
1017,0.319618472
1018,0.296215039
1019,0.231113455
1020,0.179024810
1021,0.093644340
1022,0.104088213
1023,0.166061918
1024,0.122897878
1025,0.105758119
1026,0.092254353
1027,0.101839104
1028,0.131699397
1029,0.063260688
1030,0.056471175
1031,0.051849626
1032,0.022746897
1033,0.031153594
1034,0.048747088
1035,1.841339268
1036,0.717130200
1037,0.566285906
1038,1.837546656
1039,0.701497756
1040,0.562749891
1041,0.794662928
1042,0.371600633
1043,0.302434069
1044,0.463108922
1045,0.462818772
1046,0.393681624
1047,0.286420242
1048,0.221098227
1049,0.134057044
1050,0.131898227
1051,0.138859626
1052,0.139274679
1053,0.077574537
1054,0.082474245
1055,0.092428624
1056,0.050255524
1057,0.045443794
1058,0.042455132
1059,0.035845776
1060,0.038179409
1061,0.052350965
1062,0.272692619
1063,0.276542843
1064,0.272393022
1065,0.192262088
1066,0.213266968
1067,0.195174371
1068,0.173446786
1069,0.170710122
1070,0.156536444
1071,0.196617288
1072,0.187213525
1073,0.178172951
1074,0.151252153
1075,0.089623749
1076,0.072639816
1077,0.068360140
1078,0.072612869
1079,0.073568672
1080,0.067953692
1081,0.072596402
1082,0.070380730
1083,0.047174809
1084,0.051844871
1085,0.048919961
1086,0.041548826
1087,0.045075329
1088,0.051641396
1089,0.356691121
1090,0.341415901
1091,0.294587315
1092,0.322689873
1093,0.311366822
1094,0.237308827
1095,0.208826990
1096,0.205840274
1097,0.159682926
1098,0.214606976
1099,0.196962452
1100,0.141859632
1101,0.116576493
1102,0.094963240
1103,0.075762386
1104,0.068138638
1105,0.075855077
1106,0.074348904
1107,0.212885368
1108,0.222574741
1109,0.290207466
1110,0.231284029
1111,0.203367139
1112,0.169232307
1113,0.120353435
1114,0.136621065
1115,0.199080375
1116,2.068309234
1117,2.086592246
1118,1.954700102
1119,1.780491106
1120,1.813396089
1121,1.485559610
1122,1.326323560
1123,1.194329327
1124,0.947176520
1125,0.973506559
1126,0.978985930
1127,0.931633329
1128,0.614031562
1129,0.480373770
1130,0.312528137
1131,0.248735145
1132,0.279616171
1133,0.299743469
1134,0.217799953
1135,0.134147606
1136,0.157050890
1137,0.156610386
1138,0.113635804
1139,0.106547721
1140,0.128844097
1141,0.081034789
1142,0.112878883
1143,0.901347120
1144,0.673417757
1145,0.436921147
1146,0.851156957
1147,0.689734359
1148,0.507612649
1149,0.791295035
1150,0.571784594
1151,0.475449258
1152,0.607435457
1153,0.443890998
1154,0.359338392
1155,0.224592631
1156,0.194364073
1157,0.184715047
1158,0.295970216
1159,0.234793892
1160,0.193021160
1161,0.083447404
1162,0.077661308
1163,0.082130728
1164,0.077532250
1165,0.072436099
1166,0.063539462
1167,0.074073490
1168,0.067757032
1169,0.074154952
1170,0.297556497
1171,0.265721009
1172,0.240819568
1173,0.294816138
1174,0.269889384
1175,0.266570400
1176,0.287645138
1177,0.239535536
1178,0.220130434
1179,0.251075300
1180,0.220542262
1181,0.182573165
1182,0.137006749
1183,0.118543076
1184,0.111259930
1185,0.113623062
1186,0.098539929
1187,0.097179102
1188,0.116642001
1189,0.125164495
1190,0.150559439
1191,0.077923164
1192,0.075962111
1193,0.078616409
1194,0.050138828
1195,0.056321026
1196,0.089528855
1197,0.719560618
1198,0.720537467
1199,0.713710564
1200,0.689521567
1201,0.716716087
1202,0.589981457
1203,0.337279700
1204,0.383188498
1205,0.353538374
1206,0.387788735
1207,0.400351368
1208,0.349029396
1209,0.258215504
1210,0.193058106
1211,0.145556026
1212,0.124787068
1213,0.129946983
1214,0.141656861
1215,0.103015337
1216,0.108877996
1217,0.107604469
1218,0.070328696
1219,0.076178548
1220,0.073173458
1221,0.070406324
1222,0.071902281
1223,0.079945529
1224,0.411118588
1225,0.394097802
1226,0.283452571
1227,0.326278941
1228,0.306580773
1229,0.250792114
1230,0.345220826
1231,0.330437085
1232,0.253227714
1233,0.272879574
1234,0.274850737
1235,0.217231284
1236,0.184141250
1237,0.125609436
1238,0.138691511
1239,0.166849860
1240,0.169393367
1241,0.138644203
1242,0.158828430
1243,0.174142641
1244,0.204301886
1245,0.153952913
1246,0.146813958
1247,0.122713699
1248,0.097526465
1249,0.116220909
1250,0.158553546
1251,1.217374893
1252,1.231837364
1253,1.169729600
1254,1.218486997
1255,1.259602533
1256,1.068491248
1257,0.956107177
1258,0.882466497
1259,0.758276157
1260,0.647246271
1261,0.650889822
1262,0.665495036
1263,0.478122085
1264,0.314628270
1265,0.305490161
1266,0.262121339
1267,0.288914988
1268,0.300883429
1269,0.075416758
1270,0.087970915
1271,0.101106079
1272,0.056141327
1273,0.057027809
1274,0.052226908
1275,0.032525036
1276,0.033918671
1277,0.044859007
1278,0.378865401
1279,0.376773345
1280,0.338501209
1281,0.425069535
1282,0.421296989
1283,0.354369423
1284,0.266490686
1285,0.231896113
1286,0.185237490
1287,0.225188886
1288,0.215839614
1289,0.183758418
1290,0.158526195
1291,0.133786441
1292,0.086194500
1293,0.086143792
1294,0.083555709
1295,0.081400334
1296,0.065855246
1297,0.067945272
1298,0.062898616
1299,0.036478440
1300,0.037935240
1301,0.036168975
1302,0.034752460
1303,0.033852418
1304,0.039851583
1305,0.333852443
1306,0.291153329
1307,0.250459390
1308,0.312047456
1309,0.277878968
1310,0.202499795
1311,0.236372154
1312,0.217275742
1313,0.166673391
1314,0.193047369
1315,0.167773325
1316,0.130338682
1317,0.097007431
1318,0.084747224
1319,0.073207744
1320,0.078732784
1321,0.077371626
1322,0.072032912
1323,0.049747754
1324,0.061647042
1325,0.064634095
1326,0.040942205
1327,0.042105618
1328,0.040753962
1329,0.010503611
1330,0.020030120
1331,0.025228921
1332,0.412027680
1333,0.333867862
1334,0.245319848
1335,0.409480803
1336,0.341730794
1337,0.237412931
1338,0.305365292
1339,0.248094951
1340,0.168061104
1341,0.206410929
1342,0.165839831
1343,0.123136475
1344,0.075197414
1345,0.077670668
1346,0.068143801
1347,0.081215877
1348,0.073315554
1349,0.062631072
1350,0.179448264
1351,0.188316277
1352,0.277995323
1353,0.153643020
1354,0.145318308
1355,0.121124329
1356,0.096606189
1357,0.101814253
1358,0.159012856
1359,1.034687134
1360,0.969811934
1361,0.783713179
1362,0.867877871
1363,0.842115395
1364,0.700253441
1365,0.591828206
1366,0.565859457
1367,0.576070378
1368,0.617157792
1369,0.578752839
1370,0.522637259
1371,0.465445784
1372,0.297330772
1373,0.283880204
1374,0.265408252
1375,0.281457256
1376,0.273048486
1377,0.094201799
1378,0.101087289
1379,0.118641559
1380,0.070113014
1381,0.066962086
1382,0.068239857
1383,0.036993356
1384,0.037601793
1385,0.058813896
1386,0.394905198
1387,0.407446215
1388,0.343591126
1389,0.362602048
1390,0.359742307
1391,0.311834553
1392,0.277769697
1393,0.258926287
1394,0.240135662
1395,0.232531258
1396,0.216329588
1397,0.202400670
1398,0.162164642
1399,0.146486854
1400,0.122113873
1401,0.140772767
1402,0.135468298
1403,0.123337516
1404,0.192917904
1405,0.195189176
1406,0.247388343
1407,0.206383675
1408,0.184570553
1409,0.142664338
1410,0.111821130
1411,0.119243627
1412,0.159189478
1413,1.456103756
1414,1.404220867
1415,1.241913189
1416,1.307406281
1417,1.278745207
1418,1.153950806
1419,0.841364468
1420,0.792514081
1421,0.722338699
1422,0.795096385
1423,0.742440458
1424,0.711862881
1425,0.616719659
1426,0.428214074
1427,0.374110834
1428,0.334952434
1429,0.346865131
1430,0.354725142
1431,0.097060162
1432,0.106465650
1433,0.147738290
1434,0.075991334
1435,0.068393122
1436,0.055311818
1437,0.034047265
1438,0.041263185
1439,0.083022693
1440,0.494005842
1441,0.467046763
1442,0.387018185
1443,0.424248112
1444,0.432845717
1445,0.337111860
1446,0.229121201
1447,0.294293098
1448,0.281108451
1449,0.285185461
1450,0.319964523
1451,0.387768395
1452,0.317468843
1453,0.221057418
1454,0.156525609
1455,0.131770096
1456,0.147465527
1457,0.145612504
1458,0.088572546
1459,0.095117847
1460,0.092084286
1461,0.074078371
1462,0.079780549
1463,0.063585754
1464,0.036207587
1465,0.049602761
1466,0.057467421
1467,0.702938428
1468,0.584047000
1469,0.603257290
1470,1.167921161
1471,0.959681999
1472,0.658364841
1473,0.509587978
1474,0.376226280
1475,0.291586943
1476,0.274627973
1477,0.279399835
1478,0.280192927
1479,0.193924512
1480,0.183368592
1481,0.124653986
1482,0.109562029
1483,0.118548382
1484,0.119839450
1485,0.141069654
1486,0.140696507
1487,0.129934592
1488,0.076629898
1489,0.070222755
1490,0.058215365
1491,0.061429377
1492,0.063266046
1493,0.061015030
1494,1.278962708
1495,0.722969958
1496,0.610274494
1497,1.207040926
1498,0.718694045
1499,0.463762432
1500,0.872384363
1501,0.478851074
1502,0.375846255
1503,0.511841476
1504,0.429835082
1505,0.363443320
1506,0.141140593
1507,0.104152662
1508,0.105784358
1509,0.163624476
1510,0.119037555
1511,0.105578840
1512,0.154965481
1513,0.134216847
1514,0.146870512
1515,0.141121825
1516,0.113374303
1517,0.102903369
1518,0.094222726
1519,0.074485124
1520,0.077290420
1521,1.093866362
1522,0.621067169
1523,0.393975416
1524,1.102979625
1525,0.596230072
1526,0.412941679
1527,0.895449235
1528,0.513661884
1529,0.418051992
1530,0.470387428
1531,0.376336807
1532,0.267209034
1533,0.131879254
1534,0.115115878
1535,0.096024072
1536,0.241750914
1537,0.160303317
1538,0.130617034
1539,0.102822544
1540,0.111509952
1541,0.106152698
1542,0.072982364
1543,0.077808337
1544,0.066467514
1545,0.057888982
1546,0.061763698
1547,0.072165718
1548,0.412054236
1549,0.383779620
1550,0.250078981
1551,0.393450725
1552,0.367211679
1553,0.284418919
1554,0.382329669
1555,0.409512325
1556,0.342590152
1557,0.323623479
1558,0.303545450
1559,0.219970836
1560,0.132546991
1561,0.119298959
1562,0.117674518
1563,0.145655124
1564,0.138430197
1565,0.117178996
1566,0.118842092
1567,0.123200587
1568,0.129972549
1569,0.083118114
1570,0.081224812
1571,0.079379462
1572,0.058324022
1573,0.058985486
1574,0.077759540
1575,0.581839499
1576,0.407354797
1577,0.320988697
1578,0.585003817
1579,0.418956092
1580,0.383806806
1581,0.630138635
1582,0.429142191
1583,0.367848194
1584,0.396300533
1585,0.349300389
1586,0.258327414
1587,0.162834903
1588,0.123969105
1589,0.136795907
1590,0.209202579
1591,0.187559864
1592,0.137076476
1593,0.145861136
1594,0.147325646
1595,0.120677076
1596,0.146555470
1597,0.096159468
1598,0.061211251
1599,0.061152500
1600,0.077353026
1601,0.051179265
1602,1.209516323
1603,0.619957329
1604,0.509511436
1605,1.544479934
1606,0.808502613
1607,0.411679288
1608,1.045042114
1609,0.525502545
1610,0.437350091
1611,0.576977277
1612,0.449221737
1613,0.339899213
1614,0.073915185
1615,0.069216121
1616,0.108636379
1617,0.206103233
1618,0.145928995
1619,0.106382345
1620,0.117270742
1621,0.123284149
1622,0.146470960
1623,0.061042693
1624,0.052472465
1625,0.051021565
1626,0.043065310
1627,0.043137147
1628,0.062892435
1629,0.571837462
1630,0.521295440
1631,0.365199035
1632,0.395795882
1633,0.363408061
1634,0.307829834
1635,0.253755809
1636,0.244500584
1637,0.206314409
1638,0.304114050
1639,0.300104292
1640,0.252920744
1641,0.187690310
1642,0.112358335
1643,0.087251009
1644,0.091714658
1645,0.093182858
1646,0.085541533
1647,0.103076394
1648,0.098874000
1649,0.118843738
1650,0.095166790
1651,0.090513264
1652,0.088405635
1653,0.076790376
1654,0.073632788
1655,0.091052936
1656,0.400219163
1657,0.396959160
1658,0.379328247
1659,0.365226204
1660,0.361817591
1661,0.317748266
1662,0.325436529
1663,0.275471875
1664,0.272555843
1665,0.281780854
1666,0.256069444
1667,0.260549317
1668,0.244559366
1669,0.203472984
1670,0.188127446
1671,0.193420166
1672,0.185830323
1673,0.187155878
1674,0.144342015
1675,0.143344071
1676,0.180464272
1677,0.075779076
1678,0.073914210
1679,0.064437353
1680,0.056169186
1681,0.055915170
1682,0.081763538
1683,0.620943852
1684,0.518373247
1685,0.477554738
1686,0.453011372
1687,0.418051948
1688,0.419714167
1689,0.360673934
1690,0.366809258
1691,0.336442558
1692,0.485370194
1693,0.454350744
1694,0.405413603
1695,0.311635474
1696,0.168400167
1697,0.137080341
1698,0.123626588
1699,0.132652919
1700,0.134431429
1701,0.101625211
1702,0.104688764
1703,0.123247403
1704,0.101095994
1705,0.098724033
1706,0.076916738
1707,0.075501603
1708,0.076201307
1709,0.094116265
1710,0.521054646
1711,0.524910175
1712,0.471812075
1713,0.463136109
1714,0.477578117
1715,0.370237270
1716,0.333654994
1717,0.348472111
1718,0.365635241
1719,0.347454693
1720,0.344717181
1721,0.301907522
1722,0.202476829
1723,0.167886826
1724,0.144118795
1725,0.131035806
1726,0.135951973
1727,0.141533045
1728,0.103227267
1729,0.115681295
1730,0.126577559
1731,0.079301842
1732,0.077976529
1733,0.075103937
1734,0.060978790
1735,0.071045488
1736,0.079598956
1737,0.900704935
1738,0.694733877
1739,0.477388878
1740,0.874127952
1741,0.701780504
1742,0.441213545
1743,0.592781902
1744,0.426777320
1745,0.309152235
1746,0.391660246
1747,0.402321919
1748,0.313571527
1749,0.177779217
1750,0.131745307
1751,0.127500922
1752,0.138025572
1753,0.146180049
1754,0.126861377
1755,0.105948209
1756,0.117984077
1757,0.126275087
1758,0.074623092
1759,0.079411346
1760,0.072216043
1761,0.035482739
1762,0.052064815
1763,0.059380701
1764,0.591217464
1765,0.504774126
1766,0.485391932
1767,1.331305370
1768,0.797361006
1769,0.649938948
1770,0.626872016
1771,0.487736730
1772,0.352760859
1773,0.238392477
1774,0.245797089
1775,0.226840864
1776,0.144552333
1777,0.147639301
1778,0.096062968
1779,0.089497573
1780,0.124542447
1781,0.096454607
1782,0.101664645
1783,0.102248832
1784,0.113904874
1785,0.096913373
1786,0.084866949
1787,0.090273646
1788,0.080508908
1789,0.070174473
1790,0.110290090
1791,0.979402861
1792,0.724572929
1793,0.572106786
1794,0.889505355
1795,0.670544755
1796,0.597914083
1797,0.546447615
1798,0.470310414
1799,0.466447999
1800,0.541125318
1801,0.448018820
1802,0.325976364
1803,0.233459490
1804,0.210644305
1805,0.201803430
1806,0.243595558
1807,0.186688781
1808,0.194546802
1809,0.112462206
1810,0.118054191
1811,0.113780966
1812,0.056222059
1813,0.061047466
1814,0.047820153
1815,0.041352631
1816,0.045985273
1817,0.050694306
1818,1.258259624
1819,0.593761989
1820,0.420552480
1821,1.121681818
1822,0.552636832
1823,0.403464946
1824,0.649068474
1825,0.398122025
1826,0.294955880
1827,0.364761836
1828,0.287951583
1829,0.201292851
1830,0.123533359
1831,0.092265421
1832,0.088460911
1833,0.128228804
1834,0.105755108
1835,0.091120735
1836,0.103580495
1837,0.097680058
1838,0.106665426
1839,0.065417878
1840,0.066839357
1841,0.072078957
1842,0.053442001
1843,0.060069812
1844,0.076360495
1845,0.565308521
1846,0.477175421
1847,0.411324936
1848,0.486706232
1849,0.381479940
1850,0.322229541
1851,0.342981285
1852,0.337780417
1853,0.313644089
1854,0.355067419
1855,0.312930700
1856,0.292110566
1857,0.218406806
1858,0.125340848
1859,0.109637672
1860,0.103519186
1861,0.103687835
1862,0.108892472
1863,0.206464220
1864,0.193673121
1865,0.163582322
1866,0.264419860
1867,0.193700320
1868,0.156902365
1869,0.127374741
1870,0.121208282
1871,0.117289147
1872,1.369402254
1873,0.725243219
1874,0.620588633
1875,1.871848474
1876,1.103269195
1877,0.936544788
1878,1.378303187
1879,0.917988436
1880,0.745204688
1881,0.987400352
1882,0.757440645
1883,0.492258073
1884,0.228506406
1885,0.245065664
1886,0.206236516
1887,0.309466042
1888,0.243793560
1889,0.206293792
1890,0.108066018
1891,0.114157195
1892,0.114028694
1893,0.081823111
1894,0.082923867
1895,0.079728078
1896,0.054978342
1897,0.060130173
1898,0.071978410
1899,0.453143850
1900,0.435308162
1901,0.313929479
1902,0.535440319
1903,0.531212005
1904,0.349817053
1905,0.472516225
1906,0.436962816
1907,0.344780227
1908,0.314555697
1909,0.319144117
1910,0.274584514
1911,0.175769437
1912,0.148063193
1913,0.131016341
1914,0.171934222
1915,0.158526617
1916,0.131079151
1917,0.203699565
1918,0.139997784
1919,0.158547168
1920,0.143544481
1921,0.119541446
1922,0.126753334
1923,0.119805256
1924,0.100046796
1925,0.161835252
1926,0.961204638
1927,0.812384243
1928,0.727986211
1929,0.800410151
1930,0.765690170
1931,0.769658996
1932,0.811946578
1933,0.716024381
1934,0.562497802
1935,0.695323410
1936,0.462220152
1937,0.411337024
1938,0.301299250
1939,0.275956083
1940,0.239943965
1941,0.265399782
1942,0.237668250
1943,0.240305709
1944,0.106440184
1945,0.106233641
1946,0.136782061
1947,0.059691300
1948,0.054639230
1949,0.052625130
1950,0.045602158
1951,0.048415018
1952,0.082871454
1953,0.521264187
1954,0.527903180
1955,0.525497650
1956,0.403762259
1957,0.407913112
1958,0.333336213
1959,0.308095910
1960,0.312200230
1961,0.263828682
1962,0.284096928
1963,0.276107311
1964,0.272671322
1965,0.257919703
1966,0.179268347
1967,0.115254203
1968,0.100167544
1969,0.103166091
1970,0.105727160
1971,0.214293060
1972,0.188192787
1973,0.247938003
1974,0.220312205
1975,0.187021638
1976,0.151642843
1977,0.161073911
1978,0.128439921
1979,0.171163189
1980,0.980194086
1981,0.968162945
1982,0.821773941
1983,0.890217320
1984,0.875106543
1985,0.814006258
1986,0.851179383
1987,0.842007737
1988,0.730794932
1989,0.652652341
1990,0.616868806
1991,0.510178719
1992,0.428111359
1993,0.293851931
1994,0.290987437
1995,0.361393208
1996,0.315495173
1997,0.301535586
1998,0.183494768
1999,0.187520925
2000,0.212701074
2001,0.176762165
2002,0.177436050
2003,0.174643976
2004,0.151326584
2005,0.153551205
2006,0.202186626
2007,1.529764876
2008,1.349505463
2009,1.353627296
2010,1.596255378
2011,1.420181686
2012,1.284856707
2013,1.279574526
2014,0.891718774
2015,0.646301736
2016,0.626218528
2017,0.617707846
2018,0.503258579
2019,0.434358266
2020,0.418633032
2021,0.388041499
2022,0.346514054
2023,0.337669886
2024,0.333467586
2025,0.114091083
2026,0.108948251
2027,0.137112801
2028,0.089116597
2029,0.073846708
2030,0.072495095
2031,0.059021222
2032,0.053295321
2033,0.099782835
2034,0.602087492
2035,0.523924564
2036,0.430689958
2037,0.677228123
2038,0.613551193
2039,0.453559014
2040,0.387172312
2041,0.349362541
2042,0.311948026
2043,0.328153745
2044,0.282709833
2045,0.248577973
2046,0.197230420
2047,0.171496156
2048,0.145181813
2049,0.185551147
2050,0.166141242
2051,0.146957154
2052,0.098424403
2053,0.103147097
2054,0.102929320
2055,0.044282393
2056,0.045937193
2057,0.046456491
2058,0.037551218
2059,0.039966800
2060,0.056374879
2061,0.271035732
2062,0.264769903
2063,0.243175988
2064,0.294435091
2065,0.290973563
2066,0.250593203
2067,0.250277034
2068,0.263112312
2069,0.231854075
2070,0.236325285
2071,0.231935925
2072,0.199018585
2073,0.142204019
2074,0.101185784
2075,0.102794669
2076,0.106800244
2077,0.107999401
2078,0.101853940
2079,0.076730503
2080,0.079877251
2081,0.088184600
2082,0.070813704
2083,0.072399204
2084,0.068379058
2085,0.065853054
2086,0.067406210
2087,0.080097964
2088,0.290296191
2089,0.268845500
2090,0.250897682
2091,0.301658802
2092,0.293816181
2093,0.273061399
2094,0.256322825
2095,0.253223766
2096,0.238471615
2097,0.215386373
2098,0.197456666
2099,0.169827269
2100,0.135631773
2101,0.119320443
2102,0.123375189
2103,0.112740111
2104,0.116560583
2105,0.116890024
2106,0.139572175
2107,0.140561614
2108,0.173011217
2109,0.136564830
2110,0.133419857
2111,0.107825598
2112,0.102718925
2113,0.103360662
2114,0.147540873
2115,0.546232245
2116,0.560380695
2117,0.542692360
2118,0.514317398
2119,0.525250447
2120,0.431256493
2121,0.365929438
2122,0.451829068
2123,0.429960499
2124,0.373779651
2125,0.398777979
2126,0.414415372
2127,0.358071003
2128,0.264527418
2129,0.240338449
2130,0.211301470
2131,0.226892678
2132,0.232580297
2133,0.133337083
2134,0.128826344
2135,0.143511609
2136,0.135703591
2137,0.125030262
2138,0.109955624
2139,0.079064608
2140,0.077762851
2141,0.094264750
2142,0.779829886
2143,0.531397367
2144,0.428413709
2145,0.802882889
2146,0.562537529
2147,0.583488979
2148,0.770845449
2149,0.692145334
2150,0.503329761
2151,0.511386354
2152,0.373427431
2153,0.199521866
2154,0.192690999
2155,0.159041590
2156,0.177765044
2157,0.246642427
2158,0.230668533
2159,0.177904507
2160,0.129599981
2161,0.144571320
2162,0.174960132
2163,0.112181398
2164,0.094515123
2165,0.083061844
2166,0.031181274
2167,0.049383800
2168,0.065191497
2169,0.857116621
2170,0.840812369
2171,0.796666700
2172,0.819796505
2173,0.808430680
2174,0.650466023
2175,0.260092339
2176,0.287124548
2177,0.308729399
2178,0.401130373
2179,0.419535440
2180,0.420859238
2181,0.367715489
2182,0.284811286
2183,0.132318169
2184,0.105039200
2185,0.125235995
2186,0.144142662
2187,0.065650535
2188,0.058104177
2189,0.062297083
2190,0.045634752
2191,0.038256317
2192,0.035001881
2193,0.040977573
2194,0.031869092
2195,0.038019226
2196,0.299933080
2197,0.258370318
2198,0.211916481
2199,0.253848364
2200,0.227019767
2201,0.167649850
2202,0.188485870
2203,0.152955389
2204,0.144769469
2205,0.220521935
2206,0.158531473
2207,0.128564491
2208,0.126917112
2209,0.081546216
2210,0.068893835
2211,0.085412888
2212,0.066768228
2213,0.065713256
2214,0.096850857
2215,0.105192705
2216,0.112840132
2217,0.101661030
2218,0.102158059
2219,0.095855607
2220,0.079835587
2221,0.076994000
2222,0.092696163
2223,0.446355010
2224,0.419248306
2225,0.349685270
2226,0.443762290
2227,0.422449878
2228,0.354423830
2229,0.446006048
2230,0.374538126
2231,0.320721796
2232,0.315579179
2233,0.273851074
2234,0.227090219
2235,0.189693082
2236,0.160604479
2237,0.158523946
2238,0.212243909
2239,0.181918792
2240,0.163313373
2241,0.093637230
2242,0.096494197
2243,0.110835602
2244,0.070644053
2245,0.073895983
2246,0.074838612
2247,0.057560718
2248,0.057052960
2249,0.081907549
2250,0.668021075
2251,0.683094760
2252,0.672071039
2253,0.620702439
2254,0.660833478
2255,0.597412995
2256,0.468884314
2257,0.422383072
2258,0.365957930
2259,0.358001970
2260,0.357282328
2261,0.293599799
2262,0.203717194
2263,0.161916036
2264,0.148684389
2265,0.161152055
2266,0.162056128
2267,0.146525206
2268,0.321533627
2269,0.101906470
2270,0.151985636
2271,0.470624887
2272,0.232086894
2273,0.209692637
2274,0.302702255
2275,0.111682480
2276,0.186696518
2277,3.262683487
2278,2.609364430
2279,1.998727143
2280,3.986629405
2281,3.448893510
2282,2.107353624
2283,2.244719577
2284,1.056797213
2285,0.768392339
2286,0.841523321
2287,0.534955045
2288,0.458380146
2289,0.358705786
2290,0.624938202
2291,0.333236367
2292,0.524341675
2293,0.310133832
2294,0.318834025
2295,0.157147138
2296,0.172693593
2297,0.158180231
2298,0.140580933
2299,0.149656938
2300,0.125291953
2301,0.109017936
2302,0.123991000
2303,0.128694638
2304,0.728654629
2305,0.564134994
2306,0.339097214
2307,0.710046026
2308,0.561552998
2309,0.341752901
2310,0.743361685
2311,0.585691183
2312,0.370555532
2313,0.502858827
2314,0.431740548
2315,0.288902576
2316,0.158876186
2317,0.167532287
2318,0.175932803
2319,0.254729029
2320,0.226644127
2321,0.176896896
2322,0.126304619
2323,0.125364071
2324,0.122335770
2325,0.117087915
2326,0.107596158
2327,0.097316804
2328,0.096658870
2329,0.096226055
2330,0.108045285
2331,0.641586116
2332,0.666669787
2333,0.562755653
2334,0.584626735
2335,0.675646576
2336,0.554722944
2337,0.400772179
2338,0.389717598
2339,0.343076343
2340,0.418964140
2341,0.394106684
2342,0.281020134
2343,0.194390425
2344,0.190206301
2345,0.155113812
2346,0.195986223
2347,0.179868832
2348,0.158020519
2349,0.203074562
2350,0.216107448
2351,0.228400838
2352,0.208284691
2353,0.199076792
2354,0.171893835
2355,0.131284674
2356,0.139091355
2357,0.158728147
2358,2.342774294
2359,1.281969924
2360,1.088224380
2361,2.365385236
2362,1.276496637
2363,1.020414758
2364,1.577614518
2365,0.997712652
2366,0.745249431
2367,0.947926984
2368,0.742568923
2369,0.490113841
2370,0.323641438
2371,0.278568458
2372,0.275293933
2373,0.472618166
2374,0.367625010
2375,0.281608029
2376,0.151840015
2377,0.168577508
2378,0.175339663
2379,0.140374491
2380,0.140433653
2381,0.122503603
2382,0.112103752
2383,0.114260805
2384,0.131885876
2385,0.819753275
2386,0.675774752
2387,0.429395273
2388,0.828463919
2389,0.670048782
2390,0.434770074
2391,0.640988167
2392,0.591682434
2393,0.412257221
2394,0.524289157
2395,0.452283251
2396,0.328259177
2397,0.209329111
2398,0.165632095
2399,0.170113963
2400,0.278760392
2401,0.245189260
2402,0.176853677
2403,0.185958120
2404,0.177760622
2405,0.153482871
2406,0.180849207
2407,0.155209293
2408,0.118406110
2409,0.134154262
2410,0.120480310
2411,0.109322561
2412,1.794956902
2413,0.789364876
2414,0.556530841
2415,1.732972879
2416,0.787423726
2417,0.535291957
2418,1.174295804
2419,0.644887926
2420,0.460446162
2421,0.752506956
2422,0.607649887
2423,0.324449578
2424,0.238248013
2425,0.224365506
2426,0.204639879
2427,0.369121571
2428,0.275041264
2429,0.205638362
2430,0.170134334
2431,0.170806486
2432,0.237368329
2433,0.186900200
2434,0.175831248
2435,0.138131602
2436,0.113541923
2437,0.114005068
2438,0.162154911
2439,1.122017518
2440,1.081577149
2441,0.800512065
2442,1.149951185
2443,1.118942095
2444,0.916612085
2445,1.026354935
2446,0.856237224
2447,0.752188265
2448,0.570028536
2449,0.542075656
2450,0.471386182
2451,0.365644147
2452,0.296351773
2453,0.277628828
2454,0.277336026
2455,0.288439040
2456,0.270611131
2457,0.237631648
2458,0.247888171
2459,0.319407484
2460,0.305467485
2461,0.270148728
2462,0.233448998
2463,0.141555296
2464,0.147185115
2465,0.222451824
2466,2.203893880
2467,1.846591368
2468,1.535772417
2469,2.540307827
2470,2.203596335
2471,1.660049933
2472,1.486922214
2473,1.175477260
2474,0.905963150
2475,0.720310181
2476,0.753955010
2477,0.555766334
2478,0.509106553
2479,0.565764872
2480,0.425854286
2481,0.374680828
2482,0.402955878
2483,0.405161963
2484,0.078604465
2485,0.078984072
2486,0.079215209
2487,0.054115448
2488,0.047558395
2489,0.045773932
2490,0.026793937
2491,0.023440577
2492,0.030244130
2493,0.349100131
2494,0.317592980
2495,0.292485165
2496,0.386780627
2497,0.361686347
2498,0.296845892
2499,0.259990407
2500,0.210779758
2501,0.157280741
2502,0.214747071
2503,0.196478278
2504,0.152343529
2505,0.133645714
2506,0.109928740
2507,0.074612302
2508,0.091201749
2509,0.081717228
2510,0.071937896
2511,0.134626921
2512,0.111114938
2513,0.113502866
2514,0.088898601
2515,0.053966894
2516,0.051482162
2517,0.040417486
2518,0.044783444
2519,0.048722926
2520,0.678179567
2521,0.351835506
2522,0.258342616
2523,0.607150062
2524,0.309476569
2525,0.281493291
2526,0.471182477
2527,0.360138749
2528,0.267245801
2529,0.428845680
2530,0.332935251
2531,0.196244003
2532,0.140628312
2533,0.095758287
2534,0.105312086
2535,0.130016166
2536,0.123239903
2537,0.099711819
2538,0.114016798
2539,0.120221494
2540,0.154689938
2541,0.091677968
2542,0.081513366
2543,0.075918545
2544,0.044968383
2545,0.046441711
2546,0.071645302
2547,0.556338888
2548,0.565927516
2549,0.565650114
2550,0.518346658
2551,0.535100642
2552,0.522418724
2553,0.283114268
2554,0.334547442
2555,0.354012634
2556,0.374770314
2557,0.364523121
2558,0.348717341
2559,0.252883159
2560,0.221827784
2561,0.137200593
2562,0.125145930
2563,0.131802668
2564,0.135975870
2565,0.358456869
2566,0.225798256
2567,0.218987084
2568,0.308754193
2569,0.201398384
2570,0.173881417
2571,0.221156229
2572,0.143068132
2573,0.152447262
2574,2.180081989
2575,1.080591149
2576,0.763661554
2577,2.213088303
2578,1.131127410
2579,0.776099908
2580,1.406249419
2581,0.907632685
2582,0.627582459
2583,0.961574405
2584,0.706685120
2585,0.431043982
2586,0.317844108
2587,0.265034382
2588,0.261436051
2589,0.451456893
2590,0.327135201
2591,0.261751150
2592,0.083533295
2593,0.079483894
2594,0.088523716
2595,0.062843244
2596,0.059188466
2597,0.060431690
2598,0.061942085
2599,0.054689594
2600,0.072424966
2601,0.358601751
2602,0.354285393
2603,0.336352352
2604,0.347570121
2605,0.358536760
2606,0.312969577
2607,0.271200507
2608,0.244287825
2609,0.205651923
2610,0.222500825
2611,0.201016494
2612,0.172797621
2613,0.148249442
2614,0.126032798
2615,0.101592922
2616,0.122591731
2617,0.107759525
2618,0.101539186
2619,0.123283526
2620,0.130799055
2621,0.130661628
2622,0.119350960
2623,0.119626985
2624,0.117198106
2625,0.092210324
2626,0.092710318
2627,0.101484665
2628,0.735867565
2629,0.553051200
2630,0.271931539
2631,0.738966605
2632,0.567208574
2633,0.296835752
2634,0.666650412
2635,0.472181450
2636,0.275857478
2637,0.364130275
2638,0.340953825
2639,0.224856730
2640,0.161400324
2641,0.149135429
2642,0.146212580
2643,0.249580986
2644,0.186523986
2645,0.140779905
2646,0.081170002
2647,0.076982566
2648,0.068687840
2649,0.039370085
2650,0.063521328
2651,0.055461328
2652,0.035586069
2653,0.062273966
2654,0.056759879
2655,0.537642242
2656,0.278368718
2657,0.204771193
2658,0.453348318
2659,0.292883146
2660,0.275560850
2661,0.423738310
2662,0.339637502
2663,0.311930134
2664,0.311443393
2665,0.239391469
2666,0.171708345
2667,0.095019301
2668,0.092869305
2669,0.094628781
2670,0.075278421
2671,0.107413276
2672,0.094536296
2673,0.101351363
2674,0.086724243
2675,0.084213433
2676,0.078834398
2677,0.057818957
2678,0.048074971
2679,0.059307890
2680,0.039106283
2681,0.037146269
2682,0.580896737
2683,0.363830647
2684,0.354397962
2685,0.911193463
2686,0.602819877
2687,0.417035870
2688,0.363869726
2689,0.237844165
2690,0.220425072
2691,0.295637630
2692,0.205128718
2693,0.175089083
2694,0.140154651
2695,0.138769076
2696,0.121680695
2697,0.204343417
2698,0.131774719
2699,0.100894162
2700,0.123792917
2701,0.106555528
2702,0.093349945
2703,0.100113688
2704,0.087322185
2705,0.073421581
2706,0.102934420
2707,0.072778066
2708,0.059214434
2709,0.593310600
2710,0.372521836
2711,0.245096021
2712,0.578794631
2713,0.366429082
2714,0.204574951
2715,0.502127474
2716,0.309998047
2717,0.193354580
2718,0.329518839
2719,0.241232704
2720,0.174602879
2721,0.122332534
2722,0.092701378
2723,0.100635527
2724,0.198754945
2725,0.135285872
2726,0.101378800
2727,0.060166991
2728,0.066668212
2729,0.056340460
2730,0.059850869
2731,0.059688801
2732,0.048345558
2733,0.052568562
2734,0.057111298
2735,0.049814373
2736,0.347576683
2737,0.292488074
2738,0.217870028
2739,0.355781164
2740,0.294281907
2741,0.235623594
2742,0.316054324
2743,0.266510858
2744,0.167784480
2745,0.253635408
2746,0.236027376
2747,0.132392615
2748,0.077769970
2749,0.071689193
2750,0.062442506
2751,0.080041152
2752,0.085326024
2753,0.060484834
2754,0.146894375
2755,0.140561329
2756,0.165161692
2757,0.115837220
2758,0.109210200
2759,0.107769730
2760,0.093427205
2761,0.084688022
2762,0.089481184
2763,1.306491916
2764,1.090198359
2765,0.903282417
2766,1.116352689
2767,0.988001587
2768,0.720165452
2769,0.603498305
2770,0.494858800
2771,0.438658199
2772,0.520997743
2773,0.450359331
2774,0.391616414
2775,0.324054516
2776,0.260780450
2777,0.212775939
2778,0.227295464
2779,0.210454795
2780,0.209942695
2781,0.188550505
2782,0.142306811
2783,0.167442555
2784,0.174058443
2785,0.124683021
2786,0.110454015
2787,0.111276737
2788,0.087446515
2789,0.112178571
2790,0.906190373
2791,0.777901823
2792,0.693227717
2793,0.828972959
2794,0.709906632
2795,0.627481834
2796,0.715864073
2797,0.601128848
2798,0.470758201
2799,0.566769400
2800,0.455961900
2801,0.353447521
2802,0.221146083
2803,0.176395136
2804,0.165975297
2805,0.254825283
2806,0.219402971
2807,0.168493763
2808,0.068872714
2809,0.072559172
2810,0.067167788
2811,0.044974867
2812,0.045404331
2813,0.039169857
2814,0.040444692
2815,0.040126340
2816,0.039996521
2817,0.403812146
2818,0.338748458
2819,0.235622957
2820,0.338133158
2821,0.296043127
2822,0.226000872
2823,0.264884739
2824,0.212054438
2825,0.160867898
2826,0.273344967
2827,0.222193204
2828,0.137018728
2829,0.106141076
2830,0.096404300
2831,0.066310577
2832,0.088874877
2833,0.083368898
2834,0.065873274
2835,0.104581911
2836,0.104962536
2837,0.151590545
2838,0.080572184
2839,0.077120397
2840,0.068224844
2841,0.067574291
2842,0.065560586
2843,0.087784774
2844,0.502539229
2845,0.488439806
2846,0.463289869
2847,0.429936472
2848,0.431034208
2849,0.359743422
2850,0.326272899
2851,0.315478540
2852,0.286120357
2853,0.269023609
2854,0.273819654
2855,0.291687276
2856,0.245354399
2857,0.188104036
2858,0.179196994
2859,0.177679734
2860,0.182982221
2861,0.176265971
2862,0.103982919
2863,0.097083510
2864,0.084884902
2865,0.055317244
2866,0.047227360
2867,0.036049056
2868,0.038990609
2869,0.035722631
2870,0.033332577
2871,0.815243434
2872,0.522992182
2873,0.258590286
2874,0.723662307
2875,0.502694307
2876,0.225778521
2877,0.355753528
2878,0.288088214
2879,0.234096757
2880,0.454225276
2881,0.318348592
2882,0.202753976
2883,0.097068128
2884,0.075627139
2885,0.066481982
2886,0.132546495
2887,0.090979470
2888,0.066725597
2889,0.077453552
2890,0.064473954
2891,0.065674448
2892,0.058952172
2893,0.047555500
2894,0.046824729
2895,0.055517516
2896,0.045222727
2897,0.055403222
2898,0.265598397
2899,0.234023783
2900,0.199699181
2901,0.287973466
2902,0.261147771
2903,0.208279791
2904,0.231375538
2905,0.193492141
2906,0.168477193
2907,0.213698453
2908,0.165009594
2909,0.138517715
2910,0.108894775
2911,0.094763323
2912,0.090427879
2913,0.119478939
2914,0.090890934
2915,0.089508251
2916,0.096396180
2917,0.096619368
2918,0.088347038
2919,0.044880742
2920,0.040915342
2921,0.034733808
2922,0.037975763
2923,0.036352675
2924,0.036816422
2925,0.415115474
2926,0.380443144
2927,0.296992255
2928,0.331645660
2929,0.318184260
2930,0.211890178
2931,0.240020917
2932,0.217427184
2933,0.158929244
2934,0.247765160
2935,0.230554885
2936,0.164856235
2937,0.125457661
2938,0.089240583
2939,0.070231418
2940,0.091624215
2941,0.086868456
2942,0.070624424
2943,0.185882674
2944,0.186664990
2945,0.231524789
2946,0.202690312
2947,0.153879504
2948,0.155100194
2949,0.110367035
2950,0.110599692
2951,0.174878204
2952,1.300070769
2953,1.134741676
2954,0.892979434
2955,1.696702398
2956,1.463009703
2957,1.026892626
2958,1.057782877
2959,0.871925708
2960,0.752189622
2961,0.615853193
2962,0.621490988
2963,0.508300506
2964,0.252044283
2965,0.379742453
2966,0.256401927
2967,0.209184146
2968,0.208987753
2969,0.240831687
2970,0.306122096
2971,0.291328451
2972,0.255392271
2973,0.313252351
2974,0.271082550
2975,0.213484900
2976,0.198850536
2977,0.189895171
2978,0.177882585
2979,2.088005429
2980,1.538816714
2981,1.212729997
2982,2.208918410
2983,1.595448900
2984,1.236382027
2985,1.954758326
2986,1.252382988
2987,0.802673833
2988,1.003820049
2989,0.978066917
2990,0.577551856
2991,0.295815537
2992,0.298740770
2993,0.248624877
2994,0.440047453
2995,0.394959640
2996,0.243438901
2997,0.169683286
2998,0.182122842
2999,0.202248261
3000,0.105277612
3001,0.089308045
3002,0.077404379
3003,0.080302491
3004,0.076057300
3005,0.091570744
3006,0.821279823
3007,0.851457216
3008,0.798295035
3009,0.430240418
3010,0.389883223
3011,0.365761764
3012,0.300230536
3013,0.344205658
3014,0.369953515
3015,0.512921839
3016,0.511328921
3017,0.502109229
3018,0.434994920
3019,0.224012919
3020,0.197758066
3021,0.185022513
3022,0.179402812
3023,0.195712992
3024,0.126440650
3025,0.129544467
3026,0.161670896
3027,0.118890268
3028,0.129699827
3029,0.134105257
3030,0.113293716
3031,0.114056838
3032,0.159196652
3033,0.713384185
3034,0.654285307
3035,0.418275485
3036,0.694905628
3037,0.643591167
3038,0.496976491
3039,0.673074138
3040,0.623562433
3041,0.546155352
3042,0.397678366
3043,0.381209807
3044,0.364374880
3045,0.299116335
3046,0.240605028
3047,0.254826598
3048,0.244812224
3049,0.255824319
3050,0.256400777
3051,0.116239500
3052,0.133161090
3053,0.130584648
3054,0.102229736
3055,0.110799979
3056,0.106391910
3057,0.081540836
3058,0.099822287
3059,0.097250637
3060,1.023612092
3061,0.593207022
3062,0.503679952
3063,1.018680773
3064,0.605774225
3065,0.463704753
3066,0.890625795
3067,0.586444690
3068,0.478667011
3069,0.508553032
3070,0.347232046
3071,0.252316598
3072,0.147779555
3073,0.137428247
3074,0.146160319
3075,0.195713662
3076,0.163249707
3077,0.147142581
3078,0.138864843
3079,0.137901532
3080,0.133969156
3081,0.111298454
3082,0.109764093
3083,0.085713004
3084,0.071185060
3085,0.075024026
3086,0.070383523
3087,0.710904410
3088,0.430605266
3089,0.315641026
3090,0.798860533
3091,0.485518659
3092,0.341681902
3093,0.452590534
3094,0.411260315
3095,0.302446090
3096,0.437070078
3097,0.377099135
3098,0.264929555
3099,0.163958097
3100,0.124944592
3101,0.131210957
3102,0.199131580
3103,0.156294216
3104,0.131560208
3105,0.149898609
3106,0.149094095
3107,0.187640792
3108,0.150698788
3109,0.142859725
3110,0.128276134
3111,0.112496307
3112,0.109369070
3113,0.164830563
3114,0.946326248
3115,0.782745020
3116,0.755829617
3117,0.931942442
3118,0.784129261
3119,0.830574177
3120,0.692394348
3121,0.674875662
3122,0.634264053
3123,0.607874476
3124,0.568847218
3125,0.445744101
3126,0.342496738
3127,0.308792966
3128,0.291483732
3129,0.279417641
3130,0.282622851
3131,0.276998452
3132,0.103901218
3133,0.096263754
3134,0.099118534
3135,0.057605722
3136,0.052649442
3137,0.046918099
3138,0.040946358
3139,0.037689030
3140,0.049746087
3141,0.586105526
3142,0.416904375
3143,0.328905810
3144,0.690514644
3145,0.597670633
3146,0.400783714
3147,0.374094981
3148,0.283995955
3149,0.219164888
3150,0.224629064
3151,0.198516408
3152,0.146095787
3153,0.108309226
3154,0.100911897
3155,0.084707328
3156,0.112107873
3157,0.107168199
3158,0.084646882
3159,0.119940605
3160,0.121987447
3161,0.162828019
3162,0.152086172
3163,0.134034563
3164,0.123832352
3165,0.079020897
3166,0.075668692
3167,0.138302311
3168,0.807562227
3169,0.732007162
3170,0.714685017
3171,1.058102175
3172,0.915259335
3173,0.813512725
3174,0.531130738
3175,0.489986398
3176,0.453477397
3177,0.350392149
3178,0.340111732
3179,0.305597791
3180,0.266688502
3181,0.365766242
3182,0.218522225
3183,0.230127342
3184,0.224221437
3185,0.221640576
3186,0.109719351
3187,0.103025557
3188,0.112142125
3189,0.068962973
3190,0.047686913
3191,0.047805232
3192,0.047006490
3193,0.038105407
3194,0.053638684
3195,0.634948681
3196,0.472604334
3197,0.295233522
3198,0.605470406
3199,0.456853902
3200,0.284517910
3201,0.367095317
3202,0.283275469
